city,district,ward,final_ranking,lat,lon,
Hà Nội,Huyện Ba Vì,Thị Trấn Tây Đằng,25,21.1983797,105.4202841,
Hà Nội,Huyện Ba Vì,Xã Ba Trại,27,21.1233224,105.3523395,
Hà Nội,Huyện Ba Vì,Xã Ba Vì,55,21.0731435,105.3538091,
Hà Nội,Huyện Ba Vì,Xã Cẩm Lĩnh,32,21.1683225,105.356259,
Hà Nội,Huyện Ba Vì,Xã Cam Thượng,42,21.1608412,105.4525998,
Hà Nội,Huyện Ba Vì,Xã Châu Sơn,49,21.2597749,105.4233794,
Hà Nội,Huyện Ba Vì,Xã Chu Minh,38,21.1989081,105.4419891,
Hà Nội,Huyện Ba Vì,Xã Cổ Đô,43,21.2843846,105.3739517,
Hà Nội,Huyện Ba Vì,Xã Đông Quang,52,21.1832463,105.4531518,
Hà Nội,Huyện Ba Vì,Xã Đồng Thái,37,21.2276245,105.3998736,
Hà Nội,Huyện Ba Vì,Xã Khánh Thượng,45,21.0284505,105.343301,
Hà Nội,Huyện Ba Vì,Xã Minh Châu,54,21.2010856,105.4589452,
Hà Nội,Huyện Ba Vì,Xã Minh Quang,31,21.0782172,105.3172624,
Hà Nội,Huyện Ba Vì,Xã Phong Vân,50,21.2574794,105.362615,
Hà Nội,Huyện Ba Vì,Xã Phú Châu,33,21.2322823,105.4279692,
Hà Nội,Huyện Ba Vì,Xã Phú Cường,51,21.28682,105.4032501,
Hà Nội,Huyện Ba Vì,Xã Phú Đông,53,21.2559648,105.3744329,
Hà Nội,Huyện Ba Vì,Xã Phú Phương,44,21.2491894,105.4187946,
Hà Nội,Huyện Ba Vì,Xã Phú Sơn,39,21.2115771,105.3610737,
Hà Nội,Huyện Ba Vì,Xã Sơn Đà,47,21.1729268,105.3143801,
Hà Nội,Huyện Ba Vì,Xã Tản Hồng,29,21.2660594,105.4230645,
Hà Nội,Huyện Ba Vì,Xã Tản Lĩnh,26,21.1193625,105.4045362,
Hà Nội,Huyện Ba Vì,Xã Thái Hòa,40,21.2321884,105.3751975,
Hà Nội,Huyện Ba Vì,Xã Thuần Mỹ,48,21.1400058,105.3110053,
Hà Nội,Huyện Ba Vì,Xã Thụy An,35,21.1584836,105.4091918,
Hà Nội,Huyện Ba Vì,Xã Tiên Phong,46,21.1740164,105.4266726,
Hà Nội,Huyện Ba Vì,Xã Tòng Bạt,41,21.1923434,105.3291795,
Hà Nội,Huyện Ba Vì,Xã Vân Hòa,30,21.0648381,105.4017474,
Hà Nội,Huyện Ba Vì,Xã Vạn Thắng,28,21.2561579,105.394073,
Hà Nội,Huyện Ba Vì,Xã Vật Lại,34,21.1956896,105.3935418,
Hà Nội,Huyện Ba Vì,Xã Yên Bài,36,21.0439318,105.4317144,
Hà Nội,Huyện Chương Mỹ,Thị Trấn Chúc Sơn,22,20.9199737,105.7122664,
Hà Nội,Huyện Chương Mỹ,Thị Trấn Xuân Mai,21,20.8992526,105.5719852,
Hà Nội,Huyện Chương Mỹ,Xã Đại Yên,42,20.9025192,105.6975128,
Hà Nội,Huyện Chương Mỹ,Xã Đồng Lạc,49,20.8230001,105.6816592,
Hà Nội,Huyện Chương Mỹ,Xã Đồng Phú,40,20.833198,105.7103053,
Hà Nội,Huyện Chương Mỹ,Xã Đông Phương Yên,35,20.925193,105.6357717,
Hà Nội,Huyện Chương Mỹ,Xã Đông Sơn,32,20.924986,105.6223552,
Hà Nội,Huyện Chương Mỹ,Xã Hòa Chính,48,20.81676,105.72229,
Hà Nội,Huyện Chương Mỹ,Xã Hoàng Diệu,29,20.8638801,105.731502,
Hà Nội,Huyện Chương Mỹ,Xã Hoàng Văn Thụ,31,20.8714758,105.6486488,
Hà Nội,Huyện Chương Mỹ,Xã Hồng Phong,52,20.837384,105.696351,
Hà Nội,Huyện Chương Mỹ,Xã Hợp Đồng,37,20.8782879,105.6981261,
Hà Nội,Huyện Chương Mỹ,Xã Hữu Văn,39,20.8555164,105.6570842,
Hà Nội,Huyện Chương Mỹ,Xã Lam Điền,27,20.8921857,105.7247095,
Hà Nội,Huyện Chương Mỹ,Xã Mỹ Lương,43,20.8600293,105.6746116,
Hà Nội,Huyện Chương Mỹ,Xã Nam Phương Tiến,46,20.8836186,105.6221734,
Hà Nội,Huyện Chương Mỹ,Xã Ngọc Hòa,28,20.9208834,105.6932531,
Hà Nội,Huyện Chương Mỹ,Xã Phú Nam An,51,20.816491,105.743047,
Hà Nội,Huyện Chương Mỹ,Xã Phú Nghĩa,24,20.930378,105.6565729,
Hà Nội,Huyện Chương Mỹ,Xã Phụng Châu,25,20.9478189,105.7070544,
Hà Nội,Huyện Chương Mỹ,Xã Quảng Bị,34,20.8632249,105.6995337,
Hà Nội,Huyện Chương Mỹ,Xã Tân Tiến,41,20.8805726,105.6150122,
Hà Nội,Huyện Chương Mỹ,Xã Thanh Bình,50,20.9073084,105.6225282,
Hà Nội,Huyện Chương Mỹ,Xã Thượng Vực,47,20.8521401,105.7200985,
Hà Nội,Huyện Chương Mỹ,Xã Thụy Hương,36,20.9038868,105.7153002,
Hà Nội,Huyện Chương Mỹ,Xã Thủy Xuân Tiên,23,20.8978256,105.5970885,
Hà Nội,Huyện Chương Mỹ,Xã Tiên Phương,26,20.9424758,105.6844693,
Hà Nội,Huyện Chương Mỹ,Xã Tốt Động,30,20.8809272,105.6681304,
Hà Nội,Huyện Chương Mỹ,Xã Trần Phú,38,20.8327858,105.6707384,
Hà Nội,Huyện Chương Mỹ,Xã Trung Hòa,45,20.9072496,105.6432291,
Hà Nội,Huyện Chương Mỹ,Xã Trường Yên,33,20.9147921,105.6490308,
Hà Nội,Huyện Chương Mỹ,Xã Văn Võ,44,20.8331709,105.7476178,
Hà Nội,Huyện Đan Phượng,Thị Trấn Phùng,25,21.0864777,105.6634813,
Hà Nội,Huyện Đan Phượng,Xã Đan Phượng,27,21.0895225,105.6650693,
Hà Nội,Huyện Đan Phượng,Xã Đồng Tháp,33,21.0808827,105.6535851,
Hà Nội,Huyện Đan Phượng,Xã Hạ Mỗ,35,21.108222,105.6911109,
Hà Nội,Huyện Đan Phượng,Xã Hồng Hà,29,21.131333,105.690092,
Hà Nội,Huyện Đan Phượng,Xã Liên Hà,31,21.109952,105.7173628,
Hà Nội,Huyện Đan Phượng,Xã Liên Hồng,34,21.1199444,105.705993,
Hà Nội,Huyện Đan Phượng,Xã Liên Trung,36,21.1061133,105.7211099,
Hà Nội,Huyện Đan Phượng,Xã Phương Đình,28,21.1103807,105.6480318,
Hà Nội,Huyện Đan Phượng,Xã Song Phượng,39,21.0828064,105.6636136,
Hà Nội,Huyện Đan Phượng,Xã Tân Hội,26,21.09337,105.6980589,
Hà Nội,Huyện Đan Phượng,Xã Tân Lập,24,21.0811549,105.7105638,
Hà Nội,Huyện Đan Phượng,Xã Thọ An,32,21.1272768,105.6409072,
Hà Nội,Huyện Đan Phượng,Xã Thọ Xuân,30,21.1230614,105.6482678,
Hà Nội,Huyện Đan Phượng,Xã Thượng Mỗ,38,21.1076972,105.6787158,
Hà Nội,Huyện Đan Phượng,Xã Trung Châu,37,21.1251759,105.6614014,
Hà Nội,Huyện Đông Anh,Thị Trấn Đông Anh,15,21.1506087,105.8456762,
Hà Nội,Huyện Đông Anh,Xã Bắc Hồng,34,21.1789807,105.8064795,
Hà Nội,Huyện Đông Anh,Xã Cổ Loa,28,21.1161428,105.8701982,
Hà Nội,Huyện Đông Anh,Xã Đại Mạch,32,21.1274934,105.7578371,
Hà Nội,Huyện Đông Anh,Xã Đông Hội,17,21.0763131,105.8786744,
Hà Nội,Huyện Đông Anh,Xã Dục Tú,26,21.1152711,105.8975949,
Hà Nội,Huyện Đông Anh,Xã Hải Bối,20,21.1168799,105.803121,
Hà Nội,Huyện Đông Anh,Xã Kim Chung,16,21.1317734,105.778368,
Hà Nội,Huyện Đông Anh,Xã Kim Nỗ,31,21.1326224,105.7936113,
Hà Nội,Huyện Đông Anh,Xã Liên Hà,21,21.1514687,105.9005513,
Hà Nội,Huyện Đông Anh,Xã Mai Lâm,33,21.0870535,105.8874594,
Hà Nội,Huyện Đông Anh,Xã Nam Hồng,23,21.1678758,105.7852402,
Hà Nội,Huyện Đông Anh,Xã Nguyên Khê,24,21.1780917,105.8394477,
Hà Nội,Huyện Đông Anh,Xã Tàm Xá,38,21.1098374,105.843241,
Hà Nội,Huyện Đông Anh,Xã Thụy Lâm,30,21.1765007,105.8970217,
Hà Nội,Huyện Đông Anh,Xã Tiên Dương,22,21.1526727,105.8333189,
Hà Nội,Huyện Đông Anh,Xã Uy Nỗ,19,21.1391877,105.8584423,
Hà Nội,Huyện Đông Anh,Xã Vân Hà,37,21.1477348,105.9160492,
Hà Nội,Huyện Đông Anh,Xã Vân Nội,29,21.1526719,105.815577,
Hà Nội,Huyện Đông Anh,Xã Việt Hùng,27,21.1367662,105.8760518,
Hà Nội,Huyện Đông Anh,Xã Vĩnh Ngọc,18,21.1080354,105.8234806,
Hà Nội,Huyện Đông Anh,Xã Võng La,25,21.108679,105.7709655,
Hà Nội,Huyện Đông Anh,Xã Xuân Canh,36,21.0891916,105.8508567,
Hà Nội,Huyện Đông Anh,Xã Xuân Nộn,35,21.1843409,105.8733706,
Hà Nội,Huyện Gia Lâm,Thị Trấn Trâu Quỳ,14,21.0120565,105.9331088,
Hà Nội,Huyện Gia Lâm,Thị Trấn Yên Viên,21,21.086578,105.9190616,
Hà Nội,Huyện Gia Lâm,Xã Bát Tràng,20,20.9796328,105.9146403,
Hà Nội,Huyện Gia Lâm,Xã Cổ Bi,22,21.0316295,105.9407692,
Hà Nội,Huyện Gia Lâm,Xã Đa Tốn,13,20.9862042,105.930004,
Hà Nội,Huyện Gia Lâm,Xã Đặng Xá,16,21.0273734,105.9587969,
Hà Nội,Huyện Gia Lâm,Xã Đình Xuyên,29,21.0769282,105.9347661,
Hà Nội,Huyện Gia Lâm,Xã Đông Dư,30,20.9992431,105.9172337,
Hà Nội,Huyện Gia Lâm,Xã Dương Hà,32,21.0744298,105.9262555,
Hà Nội,Huyện Gia Lâm,Xã Dương Quang,28,21.0045144,105.9811592,
Hà Nội,Huyện Gia Lâm,Xã Dương Xá,18,21.0046345,105.970087,
Hà Nội,Huyện Gia Lâm,Xã Kiêu Kỵ,19,20.9825579,105.9564399,
Hà Nội,Huyện Gia Lâm,Xã Kim Lan,31,20.9591007,105.9045091,
Hà Nội,Huyện Gia Lâm,Xã Kim Sơn,24,21.0260269,105.9879282,
Hà Nội,Huyện Gia Lâm,Xã Lệ Chi,25,21.039526,106.0028314,
Hà Nội,Huyện Gia Lâm,Xã Ninh Hiệp,15,21.0817772,105.945003,
Hà Nội,Huyện Gia Lâm,Xã Phù Đổng,26,21.0557012,105.9599383,
Hà Nội,Huyện Gia Lâm,Xã Phú Thị,27,21.0221855,105.9705301,
Hà Nội,Huyện Gia Lâm,Xã Trung Mầu,34,21.061732,105.989442,
Hà Nội,Huyện Gia Lâm,Xã Văn Đức,33,21.081217,105.913428,
Hà Nội,Huyện Gia Lâm,Xã Yên Thường,17,21.1035439,105.9155631,
Hà Nội,Huyện Gia Lâm,Xã Yên Viên,23,21.0900361,105.9137494,
Hà Nội,Huyện Hoài Đức,Thị Trấn Trạm Trôi,24,21.0698562,105.7076738,
Hà Nội,Huyện Hoài Đức,Xã An Khánh,16,21.0023161,105.7179738,
Hà Nội,Huyện Hoài Đức,Xã An Thượng,20,20.9940074,105.7040625,
Hà Nội,Huyện Hoài Đức,Xã Cát Quế,29,21.0507951,105.6782037,
Hà Nội,Huyện Hoài Đức,Xã Đắc Sở,35,21.034417,105.6836827,
Hà Nội,Huyện Hoài Đức,Xã Di Trạch,21,21.0498409,105.7207904,
Hà Nội,Huyện Hoài Đức,Xã Đông La,22,20.9659419,105.7221001,
Hà Nội,Huyện Hoài Đức,Xã Đức Giang,28,21.0601674,105.7056739,
Hà Nội,Huyện Hoài Đức,Xã Đức Thượng,23,21.0738441,105.694728,
Hà Nội,Huyện Hoài Đức,Xã Dương Liễu,26,21.0565672,105.6748747,
Hà Nội,Huyện Hoài Đức,Xã Kim Chung,17,21.0528608,105.705721,
Hà Nội,Huyện Hoài Đức,Xã La Phù,19,20.9831862,105.7315043,
Hà Nội,Huyện Hoài Đức,Xã Lại Yên,32,21.0258295,105.7078686,
Hà Nội,Huyện Hoài Đức,Xã Minh Khai,34,21.0658814,105.6740904,
Hà Nội,Huyện Hoài Đức,Xã Sơn Đồng,31,21.0409253,105.6995826,
Hà Nội,Huyện Hoài Đức,Xã Song Phương,27,21.0175443,105.6971079,
Hà Nội,Huyện Hoài Đức,Xã Tiền Yên,33,21.0261465,105.6863449,
Hà Nội,Huyện Hoài Đức,Xã Vân Canh,18,21.0349666,105.7296033,
Hà Nội,Huyện Hoài Đức,Xã Vân Côn,25,20.9905598,105.6786274,
Hà Nội,Huyện Hoài Đức,Xã Yên Sở,30,21.0438086,105.6804944,
Hà Nội,Huyện Mê Linh,Thị Trấn Chi Đông,28,21.2126557,105.7547004,
Hà Nội,Huyện Mê Linh,Thị Trấn Quang Minh,23,21.2060671,105.7677619,
Hà Nội,Huyện Mê Linh,Xã Chu Phan,38,21.1738527,105.6514556,
Hà Nội,Huyện Mê Linh,Xã Đại Thịnh,25,21.1775676,105.7285822,
Hà Nội,Huyện Mê Linh,Xã Hoàng Kim,40,21.1693508,105.6876899,
Hà Nội,Huyện Mê Linh,Xã Kim Hoa,36,21.2223602,105.7425271,
Hà Nội,Huyện Mê Linh,Xã Liên Mạc,31,21.1886147,105.6607596,
Hà Nội,Huyện Mê Linh,Xã Mê Linh,29,21.1568599,105.7333502,
Hà Nội,Huyện Mê Linh,Xã Tam Đồng,37,21.2025459,105.6888283,
Hà Nội,Huyện Mê Linh,Xã Thạch Đà,27,21.1781996,105.6766042,
Hà Nội,Huyện Mê Linh,Xã Thanh Lâm,26,21.2075313,105.7162715,
Hà Nội,Huyện Mê Linh,Xã Tiền Phong,24,21.1515639,105.7574178,
Hà Nội,Huyện Mê Linh,Xã Tiến Thắng,35,21.2328597,105.6674831,
Hà Nội,Huyện Mê Linh,Xã Tiến Thịnh,34,21.1873995,105.6407816,
Hà Nội,Huyện Mê Linh,Xã Tráng Việt,32,21.1428192,105.7458449,
Hà Nội,Huyện Mê Linh,Xã Tự Lập,33,21.2172042,105.6546962,
Hà Nội,Huyện Mê Linh,Xã Văn Khê,30,21.1620903,105.7131874,
Hà Nội,Huyện Mê Linh,Xã Vạn Yên,39,21.201737,105.628674,
Hà Nội,Huyện Mỹ Đức,Thị Trấn Đại Nghĩa,32,20.686306,105.741014,
Hà Nội,Huyện Mỹ Đức,Xã An Mỹ,43,20.7500676,105.6901402,
Hà Nội,Huyện Mỹ Đức,Xã An Phú,42,20.632295,105.70238,
Hà Nội,Huyện Mỹ Đức,Xã An Tiến,49,20.6583472,105.7364226,
Hà Nội,Huyện Mỹ Đức,Xã Bột Xuyên,40,20.7822211,105.7157606,
Hà Nội,Huyện Mỹ Đức,Xã Đại Hưng,44,20.664651,105.758089,
Hà Nội,Huyện Mỹ Đức,Xã Đốc Tín,50,20.6297094,105.7880965,
Hà Nội,Huyện Mỹ Đức,Xã Đồng Tâm,38,20.8031678,105.6736998,
Hà Nội,Huyện Mỹ Đức,Xã Hồng Sơn,45,20.7353947,105.7021344,
Hà Nội,Huyện Mỹ Đức,Xã Hợp Thanh,34,20.6873455,105.7005901,
Hà Nội,Huyện Mỹ Đức,Xã Hợp Tiến,37,20.6873455,105.7005901,
Hà Nội,Huyện Mỹ Đức,Xã Hùng Tiến,46,20.6419162,105.7838154,
Hà Nội,Huyện Mỹ Đức,Xã Hương Sơn,31,20.6142306,105.7870024,
Hà Nội,Huyện Mỹ Đức,Xã Lê Thanh,35,20.7270386,105.7202233,
Hà Nội,Huyện Mỹ Đức,Xã Mỹ Thành,52,20.7878499,105.7028477,
Hà Nội,Huyện Mỹ Đức,Xã Phù Lưu Tế,41,20.7162875,105.7237107,
Hà Nội,Huyện Mỹ Đức,Xã Phúc Lâm,36,20.8107061,105.7072516,
Hà Nội,Huyện Mỹ Đức,Xã Phùng Xá,39,20.7229954,105.7675769,
Hà Nội,Huyện Mỹ Đức,Xã Thượng Lâm,51,20.7931874,105.6754676,
Hà Nội,Huyện Mỹ Đức,Xã Tuy Lai,33,20.7711017,105.6830478,
Hà Nội,Huyện Mỹ Đức,Xã Vạn Kim,47,20.634208,105.781463,
Hà Nội,Huyện Mỹ Đức,Xã Xuy Xá,48,20.7162875,105.7237107,
Hà Nội,Huyện Phú Xuyên,Thị Trấn Phú Minh,40,20.7821648,105.9173063,
Hà Nội,Huyện Phú Xuyên,Thị Trấn Phú Xuyên,27,20.7422142,105.9144004,
Hà Nội,Huyện Phú Xuyên,Xã Bạch Hạ,49,20.6933882,105.9534179,
Hà Nội,Huyện Phú Xuyên,Xã Châu Can,31,20.6915986,105.9003037,
Hà Nội,Huyện Phú Xuyên,Xã Chuyên Mỹ,28,20.7393356,105.8663553,
Hà Nội,Huyện Phú Xuyên,Xã Đại Thắng,39,20.6968543,105.9147586,
Hà Nội,Huyện Phú Xuyên,Xã Đại Xuyên,37,20.6968543,105.9147586,
Hà Nội,Huyện Phú Xuyên,Xã Hoàng Long,48,20.7579827,105.8332052,
Hà Nội,Huyện Phú Xuyên,Xã Hồng Minh,35,20.7926338,105.8235488,
Hà Nội,Huyện Phú Xuyên,Xã Hồng Thái,50,20.7627838,105.9545738,
Hà Nội,Huyện Phú Xuyên,Xã Khai Thái,44,20.7242288,105.9578761,
Hà Nội,Huyện Phú Xuyên,Xã Minh Tân,29,20.6746003,105.9658823,
Hà Nội,Huyện Phú Xuyên,Xã Nam Phong,41,20.7536656,105.9223361,
Hà Nội,Huyện Phú Xuyên,Xã Nam Tiến,38,20.7721324,105.920856,
Hà Nội,Huyện Phú Xuyên,Xã Nam Triều,46,20.752255,105.931195,
Hà Nội,Huyện Phú Xuyên,Xã Phú Túc,36,20.7673142,105.8102543,
Hà Nội,Huyện Phú Xuyên,Xã Phú Yên,42,20.6960147,105.8997565,
Hà Nội,Huyện Phú Xuyên,Xã Phúc Tiến,30,20.7248021,105.9243863,
Hà Nội,Huyện Phú Xuyên,Xã Phượng Dực,33,20.7951852,105.8449451,
Hà Nội,Huyện Phú Xuyên,Xã Quang Lãng,51,20.692857,105.9840096,
Hà Nội,Huyện Phú Xuyên,Xã Quang Trung,45,20.746743,105.891352,
Hà Nội,Huyện Phú Xuyên,Xã Sơn Hà,43,20.7423995,105.8900264,
Hà Nội,Huyện Phú Xuyên,Xã Tân Dân,32,20.7441705,105.8687801,
Hà Nội,Huyện Phú Xuyên,Xã Tri Thủy,34,20.6986952,105.9558476,
Hà Nội,Huyện Phú Xuyên,Xã Tri Trung,53,20.7943809,105.8285134,
Hà Nội,Huyện Phú Xuyên,Xã Văn Hoàng,52,20.770153,105.8498812,
Hà Nội,Huyện Phú Xuyên,Xã Vân Từ,47,20.715389,105.896384,
Hà Nội,Huyện Phúc Thọ,Thị Trấn Phúc Thọ,32,21.1068672,105.5382845,
Hà Nội,Huyện Phúc Thọ,Xã Liên Hiệp,50,21.0605237,105.6416759,
Hà Nội,Huyện Phúc Thọ,Xã Thọ Lộc,49,21.122644,105.531878,
Hà Nội,Huyện Phúc Thọ,Xã Hát Môn,38,21.1284632,105.6166245,
Hà Nội,Huyện Phúc Thọ,Xã Hiệp Thuận,30,21.0746335,105.6334542,
Hà Nội,Huyện Phúc Thọ,Xã Liên Hiệp,33,21.0605237,105.6416759,
Hà Nội,Huyện Phúc Thọ,Xã Long Xuyên,40,21.121713,105.579396,
Hà Nội,Huyện Phúc Thọ,Xã Ngọc Tảo,43,21.0937552,105.6010331,
Hà Nội,Huyện Phúc Thọ,Xã Phúc Hòa,45,21.1032556,105.5572032,
Hà Nội,Huyện Phúc Thọ,Xã Phụng Thượng,31,21.0948162,105.5837171,
Hà Nội,Huyện Phúc Thọ,Xã Sen Phương,37,21.1404797,105.52856,
Hà Nội,Huyện Phúc Thọ,Xã Tam Hiệp,28,21.0781234,105.6202032,
Hà Nội,Huyện Phúc Thọ,Xã Tam Thuấn,44,21.0994734,105.6223994,
Hà Nội,Huyện Phúc Thọ,Xã Thanh Đa,36,21.1138613,105.6185209,
Hà Nội,Huyện Phúc Thọ,Xã Thọ Lộc,35,21.123444,105.530934,
Hà Nội,Huyện Phúc Thọ,Xã Thượng Cốc,47,21.125736,105.59992,
Hà Nội,Huyện Phúc Thọ,Xã Tích Giang,34,21.112405,105.513145,
Hà Nội,Huyện Phúc Thọ,Xã Trạch Mỹ Lộc,46,21.0978337,105.5308833,
Hà Nội,Huyện Phúc Thọ,Xã Vân Hà,48,21.1447724,105.6162799,
Hà Nội,Huyện Phúc Thọ,Xã Vân Nam,41,21.1443163,105.6052674,
Hà Nội,Huyện Phúc Thọ,Xã Vân Phúc,39,21.1472128,105.5931294,
Hà Nội,Huyện Phúc Thọ,Xã Võng Xuyên,29,21.130042,105.5467634,
Hà Nội,Huyện Phúc Thọ,Xã Xuân Đình,42,21.1439351,105.5814334,
Hà Nội,Huyện Quốc Oai,Thị Trấn Quốc Oai,27,20.9928276,105.6431382,
Hà Nội,Huyện Quốc Oai,Xã Cấn Hữu,36,20.9558451,105.61865,
Hà Nội,Huyện Quốc Oai,Xã Cộng Hòa,38,20.9766472,105.6755494,
Hà Nội,Huyện Quốc Oai,Xã Đại Thành,30,20.96241,105.709645,
Hà Nội,Huyện Quốc Oai,Xã Đồng Quang,29,20.972257,105.651151,
Hà Nội,Huyện Quốc Oai,Xã Đông Xuân,43,20.9625456,105.5126641,
Hà Nội,Huyện Quốc Oai,Xã Đông Yên,33,20.9318236,105.6002046,
Hà Nội,Huyện Quốc Oai,Xã Hòa Thạch,28,20.9461706,105.5780888,
Hà Nội,Huyện Quốc Oai,Xã Liệp Tuyết,45,20.980928,105.601188,
Hà Nội,Huyện Quốc Oai,Xã Nghĩa Hương,35,20.9727604,105.6144225,
Hà Nội,Huyện Quốc Oai,Xã Ngọc Liệp,32,20.993755,105.5855654,
Hà Nội,Huyện Quốc Oai,Xã Ngọc Mỹ,31,21.0010506,105.6218221,
Hà Nội,Huyện Quốc Oai,Xã Phú Cát,34,20.9722453,105.5579951,
Hà Nội,Huyện Quốc Oai,Xã Phú Mãn,46,20.943763,105.522394,
Hà Nội,Huyện Quốc Oai,Xã Phượng Cách,40,21.013637,105.659669,
Hà Nội,Huyện Quốc Oai,Xã Sài Sơn,26,21.0168378,105.6481839,
Hà Nội,Huyện Quốc Oai,Xã Tân Hòa,39,20.964283,105.68088,
Hà Nội,Huyện Quốc Oai,Xã Tân Phú,42,20.96776,105.697773,
Hà Nội,Huyện Quốc Oai,Xã Thạch Thán,41,20.9875215,105.631761,
Hà Nội,Huyện Quốc Oai,Xã Tuyết Nghĩa,44,20.9680308,105.5911418,
Hà Nội,Huyện Quốc Oai,Xã Yên Sơn,37,21.001107,105.659916,
Hà Nội,Huyện Sóc Sơn,Thị Trấn Sóc Sơn,32,21.2572652,105.8481633,
Hà Nội,Huyện Sóc Sơn,Xã Bắc Phú,39,21.2765479,105.8913389,
Hà Nội,Huyện Sóc Sơn,Xã Bắc Sơn,33,21.3622778,105.8185963,
Hà Nội,Huyện Sóc Sơn,Xã Đông Xuân,28,21.2147406,105.8675302,
Hà Nội,Huyện Sóc Sơn,Xã Đức Hòa,41,21.229502,105.8818296,
Hà Nội,Huyện Sóc Sơn,Xã Hiền Ninh,35,21.2476318,105.7915238,
Hà Nội,Huyện Sóc Sơn,Xã Hồng Kỳ,34,21.3166319,105.8554811,
Hà Nội,Huyện Sóc Sơn,Xã Kim Lũ,42,21.201972,105.9065043,
Hà Nội,Huyện Sóc Sơn,Xã Mai Đình,19,21.224692,105.8315291,
Hà Nội,Huyện Sóc Sơn,Xã Minh Phú,30,21.2711786,105.7784773,
Hà Nội,Huyện Sóc Sơn,Xã Minh Trí,26,21.2731725,105.7496094,
Hà Nội,Huyện Sóc Sơn,Xã Nam Sơn,40,21.3168027,105.8264792,
Hà Nội,Huyện Sóc Sơn,Xã Phú Cường,21,21.2060361,105.7883766,
Hà Nội,Huyện Sóc Sơn,Xã Phù Linh,27,21.2709877,105.8543378,
Hà Nội,Huyện Sóc Sơn,Xã Phù Lỗ,18,21.1995929,105.8422428,
Hà Nội,Huyện Sóc Sơn,Xã Phú Minh,22,21.1979357,105.8200975,
Hà Nội,Huyện Sóc Sơn,Xã Quang Tiến,25,21.2381645,105.8052746,
Hà Nội,Huyện Sóc Sơn,Xã Tân Dân,29,21.2421237,105.7468915,
Hà Nội,Huyện Sóc Sơn,Xã Tân Hưng,36,21.3033369,105.8994135,
Hà Nội,Huyện Sóc Sơn,Xã Tân Minh,31,21.2644265,105.8781065,
Hà Nội,Huyện Sóc Sơn,Xã Thanh Xuân,24,21.228726,105.758356,
Hà Nội,Huyện Sóc Sơn,Xã Tiên Dược,20,21.2501095,105.8486755,
Hà Nội,Huyện Sóc Sơn,Xã Trung Giã,23,21.3133162,105.8674362,
Hà Nội,Huyện Sóc Sơn,Xã Việt Long,43,21.2471363,105.9157546,
Hà Nội,Huyện Sóc Sơn,Xã Xuân Giang,37,21.2428035,105.8985645,
Hà Nội,Huyện Sóc Sơn,Xã Xuân Thu,38,21.2015356,105.8926656,
Hà Nội,Huyện Thạch Thất,Thị Trấn Liên Quan,30,21.0583509,105.5750802,
Hà Nội,Huyện Thạch Thất,Xã Bình Phú,25,21.0207526,105.6089149,
Hà Nội,Huyện Thạch Thất,Xã Bình Yên,24,21.0415797,105.5441492,
Hà Nội,Huyện Thạch Thất,Xã Cẩm Yên,40,21.0866822,105.5379841,
Hà Nội,Huyện Thạch Thất,Xã Cần Kiệm,33,21.0193821,105.5820912,
Hà Nội,Huyện Thạch Thất,Xã Canh Nậu,23,21.0448029,105.6106261,
Hà Nội,Huyện Thạch Thất,Xã Chàng Sơn,26,21.035336,105.592144,
Hà Nội,Huyện Thạch Thất,Xã Đại Đồng,27,21.0894118,105.5654942,
Hà Nội,Huyện Thạch Thất,Xã Dị Nậu,29,21.0448029,105.6106261,
Hà Nội,Huyện Thạch Thất,Xã Đồng Trúc,39,20.9936803,105.5697244,
Hà Nội,Huyện Thạch Thất,Xã Hạ Bằng,35,21.0099861,105.5570709,
Hà Nội,Huyện Thạch Thất,Xã Hương Ngải,34,21.0566319,105.5966305,
Hà Nội,Huyện Thạch Thất,Xã Hữu Bằng,20,21.029427,105.618751,
Hà Nội,Huyện Thạch Thất,Xã Kim Quan,32,21.0503848,105.5741431,
Hà Nội,Huyện Thạch Thất,Xã Lại Thượng,36,21.0685408,105.5455333,
Hà Nội,Huyện Thạch Thất,Xã Phú Kim,28,21.0625559,105.5776602,
Hà Nội,Huyện Thạch Thất,Xã Phùng Xá,21,21.0149202,105.6203661,
Hà Nội,Huyện Thạch Thất,Xã Tân Xã,22,21.0211398,105.5504554,
Hà Nội,Huyện Thạch Thất,Xã Thạch Hòa,19,20.9830888,105.5309806,
Hà Nội,Huyện Thạch Thất,Xã Thạch Xá,31,21.0320866,105.6029681,
Hà Nội,Huyện Thạch Thất,Xã Tiến Xuân,38,20.9697565,105.4939947,
Hà Nội,Huyện Thạch Thất,Xã Yên Bình,37,20.9891349,105.4576923,
Hà Nội,Huyện Thạch Thất,Xã Yên Trung,41,21.0012523,105.4224866,
Hà Nội,Huyện Thanh Oai,Thị Trấn Kim Bài,33,20.857424,105.768047,
Hà Nội,Huyện Thanh Oai,Xã Bích Hòa,25,20.9173696,105.7618247,
Hà Nội,Huyện Thanh Oai,Xã Bình Minh,24,20.896383,105.770385,
Hà Nội,Huyện Thanh Oai,Xã Cao Dương,35,20.8113979,105.7668789,
Hà Nội,Huyện Thanh Oai,Xã Cao Viên,23,20.904137,105.747096,
Hà Nội,Huyện Thanh Oai,Xã Cự Khê,22,20.9198077,105.7812621,
Hà Nội,Huyện Thanh Oai,Xã Dân Hòa,26,20.8127872,105.7773983,
Hà Nội,Huyện Thanh Oai,Xã Đỗ Động,40,20.843123,105.788629,
Hà Nội,Huyện Thanh Oai,Xã Hồng Dương,31,20.796891,105.789574,
Hà Nội,Huyện Thanh Oai,Xã Kim An,42,20.8486489,105.7573423,
Hà Nội,Huyện Thanh Oai,Xã Kim Thư,39,20.8427892,105.7708409,
Hà Nội,Huyện Thanh Oai,Xã Liên Châu,36,20.811258,105.824242,
Hà Nội,Huyện Thanh Oai,Xã Mỹ Hưng,34,20.900274,105.801757,
Hà Nội,Huyện Thanh Oai,Xã Phương Trung,28,20.825127,105.770251,
Hà Nội,Huyện Thanh Oai,Xã Tam Hưng,29,20.8841518,105.7899561,
Hà Nội,Huyện Thanh Oai,Xã Tân Ước,38,20.83193,105.8070275,
Hà Nội,Huyện Thanh Oai,Xã Thanh Cao,30,20.883163,105.750917,
Hà Nội,Huyện Thanh Oai,Xã Thanh Mai,32,20.8612516,105.7463121,
Hà Nội,Huyện Thanh Oai,Xã Thanh Thùy,27,20.8707936,105.8056214,
Hà Nội,Huyện Thanh Oai,Xã Thanh Văn,37,20.853692,105.805799,
Hà Nội,Huyện Thanh Oai,Xã Xuân Dương,41,20.8063152,105.7381223,
Hà Nội,Huyện Thanh Trì,Thị Trấn Văn Điển,22,20.9475092,105.8453274,
Hà Nội,Huyện Thanh Trì,Xã Đại Áng,25,20.9073394,105.8305579,
Hà Nội,Huyện Thanh Trì,Xã Đông Mỹ,24,20.9175973,105.873665,
Hà Nội,Huyện Thanh Trì,Xã Duyên Hà,27,20.9248072,105.8785632,
Hà Nội,Huyện Thanh Trì,Xã Hữu Hòa,20,20.9468167,105.8044079,
Hà Nội,Huyện Thanh Trì,Xã Liên Ninh,21,20.9071773,105.8565293,
Hà Nội,Huyện Thanh Trì,Xã Ngọc Hồi,19,20.9233689,105.8426967,
Hà Nội,Huyện Thanh Trì,Xã Ngũ Hiệp,18,20.9274942,105.8546601,
Hà Nội,Huyện Thanh Trì,Xã Tả Thanh Oai,13,20.9346957,105.8063974,
Hà Nội,Huyện Thanh Trì,Xã Tam Hiệp,17,20.9515277,105.827072,
Hà Nội,Huyện Thanh Trì,Xã Tân Triều,12,20.9770834,105.8042144,
Hà Nội,Huyện Thanh Trì,Xã Thanh Liệt,15,20.9647474,105.813641,
Hà Nội,Huyện Thanh Trì,Xã Tứ Hiệp,14,20.9464541,105.8553648,
Hà Nội,Huyện Thanh Trì,Xã Vạn Phúc,23,20.9175478,105.8984139,
Hà Nội,Huyện Thanh Trì,Xã Vĩnh Quỳnh,16,20.9360832,105.8309372,
Hà Nội,Huyện Thanh Trì,Xã Yên Mỹ,26,20.947154,105.870189,
Hà Nội,Huyện Thường Tín,Thị Trấn Thường Tín,25,20.8694084,105.8635367,
Hà Nội,Huyện Thường Tín,Xã Chương Dương,48,20.8524938,105.9050522,
Hà Nội,Huyện Thường Tín,Xã Dũng Tiến,40,20.820475,105.8527431,
Hà Nội,Huyện Thường Tín,Xã Duyên Thái,21,20.898569,105.8665215,
Hà Nội,Huyện Thường Tín,Xã Hà Hồi,27,20.8593634,105.8740371,
Hà Nội,Huyện Thường Tín,Xã Hiền Giang,47,20.8748252,105.8213107,
Hà Nội,Huyện Thường Tín,Xã Hòa Bình,31,20.8775238,105.8356742,
Hà Nội,Huyện Thường Tín,Xã Hồng Vân,43,20.8758637,105.9111269,
Hà Nội,Huyện Thường Tín,Xã Khánh Hà,26,20.8927882,105.8250512,
Hà Nội,Huyện Thường Tín,Xã Lê Lợi,38,20.8284479,105.9029124,
Hà Nội,Huyện Thường Tín,Xã Liên Phương,33,20.8780534,105.8811602,
Hà Nội,Huyện Thường Tín,Xã Minh Cường,28,20.7632884,105.904346,
Hà Nội,Huyện Thường Tín,Xã Nghiêm Xuyên,45,20.8052848,105.8557084,
Hà Nội,Huyện Thường Tín,Xã Nguyễn Trãi,36,20.8476699,105.8574776,
Hà Nội,Huyện Thường Tín,Xã Nhị Khê,35,20.8956466,105.8455427,
Hà Nội,Huyện Thường Tín,Xã Ninh Sở,24,20.8971275,105.8872633,
Hà Nội,Huyện Thường Tín,Xã Quất Động,30,20.8443365,105.8787314,
Hà Nội,Huyện Thường Tín,Xã Tân Minh,42,20.8399152,105.8409627,
Hà Nội,Huyện Thường Tín,Xã Thắng Lợi,34,20.8218193,105.8807787,
Hà Nội,Huyện Thường Tín,Xã Thống Nhất,46,20.804431,105.908033,
Hà Nội,Huyện Thường Tín,Xã Thư Phú,44,20.862643,105.906238,
Hà Nội,Huyện Thường Tín,Xã Tiền Phong,23,20.8512906,105.8295549,
Hà Nội,Huyện Thường Tín,Xã Tô Hiệu,32,20.8053431,105.886177,
Hà Nội,Huyện Thường Tín,Xã Tự Nhiên,41,20.8635834,105.9184309,
Hà Nội,Huyện Thường Tín,Xã Văn Bình,20,20.8803958,105.8622459,
Hà Nội,Huyện Thường Tín,Xã Vạn Điểm,39,20.7712846,105.9048537,
Hà Nội,Huyện Thường Tín,Xã Văn Phú,37,20.8678914,105.8513852,
Hà Nội,Huyện Thường Tín,Xã Vân Tảo,22,20.871757,105.896315,
Hà Nội,Huyện Thường Tín,Xã Văn Tự,29,20.7853901,105.8889184,
Hà Nội,Huyện Ứng Hòa,Thị Trấn Vân Đình,30,20.7347247,105.7694608,
Hà Nội,Huyện Ứng Hòa,Xã Cao Thành,57,20.764043,105.734304,
Hà Nội,Huyện Ứng Hòa,Xã Đại Cường,50,20.653886,105.86077,
Hà Nội,Huyện Ứng Hòa,Xã Đại Hùng,54,20.671585,105.836826,
Hà Nội,Huyện Ứng Hòa,Xã Đội Bình,48,20.664226,105.818944,
Hà Nội,Huyện Ứng Hòa,Xã Đông Lỗ,49,20.7193277,105.7615077,
Hà Nội,Huyện Ứng Hòa,Xã Đồng Tân,40,20.710552,105.842033,
Hà Nội,Huyện Ứng Hòa,Xã Đồng Tiến,46,20.74255,105.742743,
Hà Nội,Huyện Ứng Hòa,Xã Hòa Lâm,47,20.688569,105.80871,
Hà Nội,Huyện Ứng Hòa,Xã Hòa Nam,34,20.685457,105.765877,
Hà Nội,Huyện Ứng Hòa,Xã Hòa Phú,36,20.6712007,105.7732539,
Hà Nội,Huyện Ứng Hòa,Xã Hoa Sơn,38,20.78284,105.747494,
Hà Nội,Huyện Ứng Hòa,Xã Hòa Xá,44,20.6914651,105.7538083,
Hà Nội,Huyện Ứng Hòa,Xã Hồng Quang,51,20.620575,105.800341,
Hà Nội,Huyện Ứng Hòa,Xã Kim Đường,37,20.6695273,105.8668337,
Hà Nội,Huyện Ứng Hòa,Xã Liên Bạt,33,20.7498231,105.767553,
Hà Nội,Huyện Ứng Hòa,Xã Lưu Hoàng,58,20.652398,105.805459,
Hà Nội,Huyện Ứng Hòa,Xã Minh Đức,42,20.6962784,105.8609372,
Hà Nội,Huyện Ứng Hòa,Xã Phù Lưu,52,20.6595209,105.7896798,
Hà Nội,Huyện Ứng Hòa,Xã Phương Tú,35,20.736562,105.803848,
Hà Nội,Huyện Ứng Hòa,Xã Quảng Phú Cầu,31,20.7743646,105.7705756,
Hà Nội,Huyện Ứng Hòa,Xã Sơn Công,53,20.748251,105.713549,
Hà Nội,Huyện Ứng Hòa,Xã Tảo Dương Văn,45,20.709975,105.795388,
Hà Nội,Huyện Ứng Hòa,Xã Trầm Lộng,56,20.7209911,105.7616092,
Hà Nội,Huyện Ứng Hòa,Xã Trung Tú,39,20.725941,105.835121,
Hà Nội,Huyện Ứng Hòa,Xã Trường Thịnh,41,20.7662328,105.766544,
Hà Nội,Huyện Ứng Hòa,Xã Vạn Thái,32,20.700772,105.775761,
Hà Nội,Huyện Ứng Hòa,Xã Viên An,43,20.800625,105.722481,
Hà Nội,Huyện Ứng Hòa,Xã Viên Nội,55,20.786748,105.727374,
Hà Nội,Quận Ba Đình,Phường Cống Vị,14,21.0350399,105.8101844,
Hà Nội,Quận Ba Đình,Phường Điện Biên,21,21.0324225,105.8376346,
Hà Nội,Quận Ba Đình,Phường Đội Cấn,19,21.0346472,105.8266045,
Hà Nội,Quận Ba Đình,Phường Giảng Võ,17,21.0269451,105.8180198,
Hà Nội,Quận Ba Đình,Phường Kim Mã,18,21.0314542,105.8249046,
Hà Nội,Quận Ba Đình,Phường Liễu Giai,12,21.0375836,105.8174205,
Hà Nội,Quận Ba Đình,Phường Ngọc Hà,16,21.0385,105.8250869,
Hà Nội,Quận Ba Đình,Phường Ngọc Khánh,11,21.0296494,105.810283,
Hà Nội,Quận Ba Đình,Phường Nguyễn Trung Trực,24,21.0408019,105.8473342,
Hà Nội,Quận Ba Đình,Phường Phúc Xá,20,21.0456942,105.8482503,
Hà Nội,Quận Ba Đình,Phường Quán Thánh,23,21.0415304,105.8414121,
Hà Nội,Quận Ba Đình,Phường Thành Công,13,21.0205111,105.8152857,
Hà Nội,Quận Ba Đình,Phường Trúc Bạch,22,21.0460498,105.8418932,
Hà Nội,Quận Ba Đình,Phường Vĩnh Phúc,15,21.0421695,105.8101415,
Hà Nội,Quận Bắc Từ Liêm,Phường Cổ Nhuế 1,8,21.0511128,105.7833144,
Hà Nội,Quận Bắc Từ Liêm,Phường Cổ Nhuế 2,9,21.0650823,105.7722035,
Hà Nội,Quận Bắc Từ Liêm,Phường Đông Ngạc,12,21.0887962,105.7852886,
Hà Nội,Quận Bắc Từ Liêm,Phường Đức Thắng,16,21.078175,105.7759044,
Hà Nội,Quận Bắc Từ Liêm,Phường Liên Mạc,19,21.084938,105.7541724,
Hà Nội,Quận Bắc Từ Liêm,Phường Minh Khai,14,21.0603661,105.7475631,
Hà Nội,Quận Bắc Từ Liêm,Phường Phú Diễn,10,21.0513072,105.7634638,
Hà Nội,Quận Bắc Từ Liêm,Phường Phúc Diễn,15,21.0471983,105.7517539,
Hà Nội,Quận Bắc Từ Liêm,Phường Tây Tựu,17,21.0706439,105.7340397,
Hà Nội,Quận Bắc Từ Liêm,Phường Thượng Cát,20,21.0913325,105.73538,
Hà Nội,Quận Bắc Từ Liêm,Phường Thụy Phương,18,21.0809809,105.7668226,
Hà Nội,Quận Bắc Từ Liêm,Phường Xuân Đỉnh,11,21.0748042,105.7906068,
Hà Nội,Quận Bắc Từ Liêm,Phường Xuân Tảo,13,21.0611692,105.7942037,
Hà Nội,Quận Cầu Giấy,Phường Dịch Vọng,9,21.0350602,105.793398,
Hà Nội,Quận Cầu Giấy,Phường Dịch Vọng Hậu,7,21.0365503,105.7858195,
Hà Nội,Quận Cầu Giấy,Phường Mai Dịch,8,21.0409079,105.7750351,
Hà Nội,Quận Cầu Giấy,Phường Nghĩa Đô,11,21.0469903,105.8027493,
Hà Nội,Quận Cầu Giấy,Phường Nghĩa Tân,12,21.045681,105.7910701,
Hà Nội,Quận Cầu Giấy,Phường Quan Hoa,10,21.0369183,105.801915,
Hà Nội,Quận Cầu Giấy,Phường Trung Hòa,5,21.0103232,105.7994479,
Hà Nội,Quận Cầu Giấy,Phường Yên Hòa,6,21.0218105,105.7924411,
Hà Nội,Quận Đống Đa,Phường Cát Linh,16,21.0290379,105.8282952,
Hà Nội,Quận Đống Đa,Phường Hàng Bột,14,21.0228224,105.8310628,
Hà Nội,Quận Đống Đa,Phường Khâm Thiên,24,21.0192241,105.8390581,
Hà Nội,Quận Đống Đa,Phường Khương Thượng,11,21.0022547,105.8285089,
Hà Nội,Quận Đống Đa,Phường Kim Liên,17,21.0062371,105.835247,
Hà Nội,Quận Đống Đa,Phường Láng Hạ,7,21.0148521,105.8116394,
Hà Nội,Quận Đống Đa,Phường Láng Thượng,6,21.0231298,105.8045056,
Hà Nội,Quận Đống Đa,Phường Nam Đồng,15,21.0142024,105.8307418,
Hà Nội,Quận Đống Đa,Phường Ngã Tư Sở,22,21.0035184,105.8213842,
Hà Nội,Quận Đống Đa,Phường Ô Chợ Dừa,8,21.0213924,105.8250224,
Hà Nội,Quận Đống Đa,Phường Phương Liên,19,21.0113036,105.8374382,
Hà Nội,Quận Đống Đa,Phường Phương Mai,10,21.0024722,105.8381645,
Hà Nội,Quận Đống Đa,Phường Quang Trung,12,21.0110941,105.8261016,
Hà Nội,Quận Đống Đa,Phường Quốc Tử Giám,26,21.0264458,105.839409,
Hà Nội,Quận Đống Đa,Phường Thịnh Quang,13,21.0085471,105.8174276,
Hà Nội,Quận Đống Đa,Phường Thổ Quan,18,21.0182944,105.8336342,
Hà Nội,Quận Đống Đa,Phường Trung Liệt,9,21.0113515,105.8220568,
Hà Nội,Quận Đống Đa,Phường Trung Phụng,21,21.015863,105.837778,
Hà Nội,Quận Đống Đa,Phường Trung Tự,20,21.0113036,105.8374382,
Hà Nội,Quận Đống Đa,Phường Văn Chương,23,21.0230988,105.836732,
Hà Nội,Quận Đống Đa,Phường Văn Miếu,25,21.0264458,105.839409,
Hà Nội,Quận Hà Đông,Phường Biên Giang,20,20.9295202,105.7223742,
Hà Nội,Quận Hà Đông,Phường Đồng Mai,19,20.9281504,105.7396539,
Hà Nội,Quận Hà Đông,Phường Dương Nội,5,20.9809284,105.74637,
Hà Nội,Quận Hà Đông,Phường Hà Cầu,13,20.9649387,105.7782818,
Hà Nội,Quận Hà Đông,Phường Kiến Hưng,7,20.9527894,105.7875583,
Hà Nội,Quận Hà Đông,Phường La Khê,4,20.9696783,105.7601018,
Hà Nội,Quận Hà Đông,Phường Mộ Lao,6,20.9821715,105.7842539,
Hà Nội,Quận Hà Đông,Phường Nguyễn Trãi,17,20.9716052,105.7788376,
Hà Nội,Quận Hà Đông,Phường Phú La,11,20.9580348,105.7641533,
Hà Nội,Quận Hà Đông,Phường Phú Lãm,14,20.9426807,105.7526272,
Hà Nội,Quận Hà Đông,Phường Phú Lương,15,20.9397761,105.77085,
Hà Nội,Quận Hà Đông,Phường Phúc La,10,20.9675836,105.7895084,
Hà Nội,Quận Hà Đông,Phường Quang Trung,16,20.971131,105.7714768,
Hà Nội,Quận Hà Đông,Phường Vạn Phúc,12,20.9803136,105.7719148,
Hà Nội,Quận Hà Đông,Phường Văn Quán,9,20.9783124,105.7902096,
Hà Nội,Quận Hà Đông,Phường Yên Nghĩa,8,20.951446,105.7351127,
Hà Nội,Quận Hà Đông,Phường Yết Kiêu,18,20.974822,105.778107,
Hà Nội,Quận Hai Bà Trưng,Phường Bạch Đằng,12,21.0137874,105.8632823,
Hà Nội,Quận Hai Bà Trưng,Phường Bách Khoa,20,21.0039617,105.8461179,
Hà Nội,Quận Hai Bà Trưng,Phường Bạch Mai,21,21.0004767,105.8517351,
Hà Nội,Quận Hai Bà Trưng,Phường Cầu Dền,23,21.006139,105.850093,
Hà Nội,Quận Hai Bà Trưng,Phường Đống Mác,25,21.0110707,105.8599491,
Hà Nội,Quận Hai Bà Trưng,Phường Đồng Nhân,27,21.0118254,105.8559955,
Hà Nội,Quận Hai Bà Trưng,Phường Đồng Tâm,14,20.9988653,105.8445167,
Hà Nội,Quận Hai Bà Trưng,Phường Lê Đại Hành,17,21.011173,105.8485322,
Hà Nội,Quận Hai Bà Trưng,Phường Minh Khai,11,20.9962306,105.857312,
Hà Nội,Quận Hai Bà Trưng,Phường Nguyễn Du,18,21.0171685,105.8479585,
Hà Nội,Quận Hai Bà Trưng,Phường Phạm Đình Hổ,19,21.0160501,105.8565135,
Hà Nội,Quận Hai Bà Trưng,Phường Phố Huế,24,21.0112737,105.8527389,
Hà Nội,Quận Hai Bà Trưng,Phường Quỳnh Lôi,22,20.9990583,105.8559156,
Hà Nội,Quận Hai Bà Trưng,Phường Quỳnh Mai,26,21.0007884,105.8601594,
Hà Nội,Quận Hai Bà Trưng,Phường Thanh Lương,13,21.0058365,105.8652448,
Hà Nội,Quận Hai Bà Trưng,Phường Thanh Nhàn,15,21.0063673,105.8564558,
Hà Nội,Quận Hai Bà Trưng,Phường Trương Định,16,20.9945382,105.8487653,
Hà Nội,Quận Hai Bà Trưng,Phường Vĩnh Tuy,10,20.998064,105.8699226,
Hà Nội,Quận Hoàn Kiếm,Phường Chương Dương,18,21.0259068,105.8612108,
Hà Nội,Quận Hoàn Kiếm,Phường Cửa Đông,26,21.0325617,105.8454043,
Hà Nội,Quận Hoàn Kiếm,Phường Cửa Nam,23,21.0249965,105.8423489,
Hà Nội,Quận Hoàn Kiếm,Phường Đồng Xuân,29,21.0388537,105.8500621,
Hà Nội,Quận Hoàn Kiếm,Phường Hàng Bạc,33,21.0337473,105.8523179,
Hà Nội,Quận Hoàn Kiếm,Phường Hàng Bài,22,21.0210073,105.85219,
Hà Nội,Quận Hoàn Kiếm,Phường Hàng Bồ,31,21.0350539,105.8478078,
Hà Nội,Quận Hoàn Kiếm,Phường Hàng Bông,25,21.0288036,105.8458912,
Hà Nội,Quận Hoàn Kiếm,Phường Hàng Buồm,30,21.035662,105.8523329,
Hà Nội,Quận Hoàn Kiếm,Phường Hàng Đào,34,21.0342097,105.850201,
Hà Nội,Quận Hoàn Kiếm,Phường Hàng Gai,32,21.0321611,105.8490719,
Hà Nội,Quận Hoàn Kiếm,Phường Hàng Mã,28,21.0376748,105.846332,
Hà Nội,Quận Hoàn Kiếm,Phường Hàng Trống,27,21.028966,105.8505357,
Hà Nội,Quận Hoàn Kiếm,Phường Lý Thái Tổ,24,21.0312636,105.8552522,
Hà Nội,Quận Hoàn Kiếm,Phường Phan Chu Trinh,19,21.0210957,105.8579407,
Hà Nội,Quận Hoàn Kiếm,Phường Phúc Tân,21,21.0363416,105.855503,
Hà Nội,Quận Hoàn Kiếm,Phường Trần Hưng Đạo,17,21.0230081,105.8468195,
Hà Nội,Quận Hoàn Kiếm,Phường Tràng Tiền,20,21.025306,105.8554601,
Hà Nội,Quận Hoàng Mai,Phường Đại Kim,3,20.9730903,105.8250742,
Hà Nội,Quận Hoàng Mai,Phường Định Công,4,20.9826495,105.8291858,
Hà Nội,Quận Hoàng Mai,Phường Giáp Bát,14,20.9850298,105.8431539,
Hà Nội,Quận Hoàng Mai,Phường Hoàng Liệt,2,20.962423,105.8393925,
Hà Nội,Quận Hoàng Mai,Phường Hoàng Văn Thụ,5,20.9862731,105.858834,
Hà Nội,Quận Hoàng Mai,Phường Lĩnh Nam,8,20.9805771,105.8912598,
Hà Nội,Quận Hoàng Mai,Phường Mai Động,7,20.9913448,105.8644046,
Hà Nội,Quận Hoàng Mai,Phường Tân Mai,12,20.9829654,105.8488998,
Hà Nội,Quận Hoàng Mai,Phường Thanh Trì,13,20.9946479,105.8917139,
Hà Nội,Quận Hoàng Mai,Phường Thịnh Liệt,6,20.9759193,105.8502634,
Hà Nội,Quận Hoàng Mai,Phường Trần Phú,15,20.9711195,105.8832556,
Hà Nội,Quận Hoàng Mai,Phường Tương Mai,11,20.9879341,105.8501758,
Hà Nội,Quận Hoàng Mai,Phường Vĩnh Hưng,9,20.9879614,105.8752564,
Hà Nội,Quận Hoàng Mai,Phường Yên Sở,10,20.9635712,105.8701509,
Hà Nội,Quận Long Biên,Phường Bồ Đề,9,21.0378501,105.876133,
Hà Nội,Quận Long Biên,Phường Cự Khối,22,21.0077077,105.90298,
Hà Nội,Quận Long Biên,Phường Đức Giang,17,21.0646143,105.8977054,
Hà Nội,Quận Long Biên,Phường Gia Thụy,21,21.0505636,105.8873854,
Hà Nội,Quận Long Biên,Phường Giang Biên,19,21.064662,105.9176926,
Hà Nội,Quận Long Biên,Phường Long Biên,12,21.0190364,105.8842016,
Hà Nội,Quận Long Biên,Phường Ngọc Lâm,18,21.045761,105.8718273,
Hà Nội,Quận Long Biên,Phường Ngọc Thụy,10,21.0601064,105.8670441,
Hà Nội,Quận Long Biên,Phường Phúc Đồng,14,21.0395447,105.8979468,
Hà Nội,Quận Long Biên,Phường Phúc Lợi,15,21.0416204,105.9257545,
Hà Nội,Quận Long Biên,Phường Sài Đồng,20,21.0278186,105.9230256,
Hà Nội,Quận Long Biên,Phường Thạch Bàn,11,21.0208848,105.9163931,
Hà Nội,Quận Long Biên,Phường Thượng Thanh,13,21.0658534,105.8830616,
Hà Nội,Quận Long Biên,Phường Việt Hưng,16,21.0542433,105.904724,
Hà Nội,Quận Nam Từ Liêm,Phường Cầu Diễn,8,21.0345973,105.7625765,
Hà Nội,Quận Nam Từ Liêm,Phường Đại Mỗ,9,20.9932717,105.7630172,
Hà Nội,Quận Nam Từ Liêm,Phường Mễ Trì,4,21.0081098,105.7792886,
Hà Nội,Quận Nam Từ Liêm,Phường Mỹ Đình 1,7,21.021042,105.7690213,
Hà Nội,Quận Nam Từ Liêm,Phường Mỹ Đình 2,5,21.0282405,105.7746453,
Hà Nội,Quận Nam Từ Liêm,Phường Phú Đô,10,21.0093455,105.7663513,
Hà Nội,Quận Nam Từ Liêm,Phường Phương Canh,11,21.0426922,105.7390327,
Hà Nội,Quận Nam Từ Liêm,Phường Tây Mỗ,3,21.0096762,105.7445572,
Hà Nội,Quận Nam Từ Liêm,Phường Trung Văn,6,20.9921504,105.7838655,
Hà Nội,Quận Nam Từ Liêm,Phường Xuân Phương,12,21.0287352,105.7474443,
Hà Nội,Quận Tây Hồ,Phường Bưởi,17,21.0501972,105.8107606,
Hà Nội,Quận Tây Hồ,Phường Nhật Tân,20,21.0779203,105.8244598,
Hà Nội,Quận Tây Hồ,Phường Phú Thượng,15,21.081992,105.8073736,
Hà Nội,Quận Tây Hồ,Phường Quảng An,18,21.0651132,105.8256634,
Hà Nội,Quận Tây Hồ,Phường Thụy Khuê,19,21.0415726,105.8264577,
Hà Nội,Quận Tây Hồ,Phường Tứ Liên,21,21.0656505,105.8377445,
Hà Nội,Quận Tây Hồ,Phường Xuân La,14,21.0632614,105.8070213,
Hà Nội,Quận Tây Hồ,Phường Yên Phụ,16,21.0536973,105.8413419,
Hà Nội,Quận Thanh Xuân,Phường Hạ Đình,14,20.9883454,105.8103351,
Hà Nội,Quận Thanh Xuân,Phường Khương Đình,10,20.9899852,105.8197278,
Hà Nội,Quận Thanh Xuân,Phường Khương Mai,11,20.9971341,105.8290537,
Hà Nội,Quận Thanh Xuân,Phường Khương Trung,9,20.9973125,105.8222383,
Hà Nội,Quận Thanh Xuân,Phường Kim Giang,17,20.9833034,105.8148726,
Hà Nội,Quận Thanh Xuân,Phường Nhân Chính,7,21.0039313,105.8046282,
Hà Nội,Quận Thanh Xuân,Phường Phương Liệt,12,20.9917597,105.8383742,
Hà Nội,Quận Thanh Xuân,Phường Thanh Xuân Bắc,16,20.9934307,105.7988214,
Hà Nội,Quận Thanh Xuân,Phường Thanh Xuân Nam,15,20.9885347,105.8003285,
Hà Nội,Quận Thanh Xuân,Phường Thanh Xuân Trung,8,20.9959112,105.8057609,
Hà Nội,Quận Thanh Xuân,Phường Thượng Đình,13,20.9991481,105.8144297,
Hà Nội,Thị Xã Sơn Tây,Phường Lê Lợi,39,21.1460373,105.5052868,
Hà Nội,Thị Xã Sơn Tây,Phường Ngô Quyền,41,21.1430752,105.5005122,
Hà Nội,Thị Xã Sơn Tây,Phường Phú Thịnh,38,21.1494812,105.4946989,
Hà Nội,Thị Xã Sơn Tây,Phường Quang Trung,33,21.1366049,105.5055028,
Hà Nội,Thị Xã Sơn Tây,Phường Sơn Lộc,30,21.1209864,105.50131,
Hà Nội,Thị Xã Sơn Tây,Phường Trung Hưng,32,21.1315081,105.497835,
Hà Nội,Thị Xã Sơn Tây,Phường Trung Sơn Trầm,36,21.1099507,105.4951241,
Hà Nội,Thị Xã Sơn Tây,Phường Viên Sơn,43,21.1488068,105.5097809,
Hà Nội,Thị Xã Sơn Tây,Phường Xuân Khanh,35,21.1097334,105.4456183,
Hà Nội,Thị Xã Sơn Tây,Xã Cổ Đông,29,21.0566451,105.5103082,
Hà Nội,Thị Xã Sơn Tây,Xã Đường Lâm,40,21.1541665,105.474741,
Hà Nội,Thị Xã Sơn Tây,Xã Kim Sơn,37,21.0820317,105.4566188,
Hà Nội,Thị Xã Sơn Tây,Xã Sơn Đông,31,21.0693924,105.4879987,
Hà Nội,Thị Xã Sơn Tây,Xã Thanh Mỹ,34,21.1222123,105.4740107,
Hà Nội,Thị Xã Sơn Tây,Xã Xuân Sơn,42,21.1316374,105.4413866,
TP. Hồ Chí Minh,Huyện Bình Chánh,Thị Trấn Tân Túc,15,10.6901149,106.5826774,
TP. Hồ Chí Minh,Huyện Bình Chánh,Xã An Phú Tây,21,10.6832971,106.6058778,
TP. Hồ Chí Minh,Huyện Bình Chánh,Xã Bình Chánh,18,10.6640614,106.5680161,
TP. Hồ Chí Minh,Huyện Bình Chánh,Xã Bình Hưng,10,10.7269776,106.65616,
TP. Hồ Chí Minh,Huyện Bình Chánh,Xã Bình Lợi,25,10.7519129,106.4805651,
TP. Hồ Chí Minh,Huyện Bình Chánh,Xã Đa Phước,19,10.6737662,106.6509389,
TP. Hồ Chí Minh,Huyện Bình Chánh,Xã Hưng Long,20,10.650486,106.6238593,
TP. Hồ Chí Minh,Huyện Bình Chánh,Xã Lê Minh Xuân,16,10.7863046,106.5189635,
TP. Hồ Chí Minh,Huyện Bình Chánh,Xã Phạm Văn Hai,17,10.791317,106.5139262,
TP. Hồ Chí Minh,Huyện Bình Chánh,Xã Phong Phú,13,10.6968222,106.6546923,
TP. Hồ Chí Minh,Huyện Bình Chánh,Xã Quy Đức,24,10.6481241,106.6556167,
TP. Hồ Chí Minh,Huyện Bình Chánh,Xã Tân Kiên,14,10.7078955,106.5980823,
TP. Hồ Chí Minh,Huyện Bình Chánh,Xã Tân Nhựt,22,10.7114664,106.5519332,
TP. Hồ Chí Minh,Huyện Bình Chánh,Xã Tân Quý Tây,23,10.6558844,106.586995,
TP. Hồ Chí Minh,Huyện Bình Chánh,Xã Vĩnh Lộc A,11,10.8188059,106.5764808,
TP. Hồ Chí Minh,Huyện Bình Chánh,Xã Vĩnh Lộc B,12,10.7908153,106.5772533,
TP. Hồ Chí Minh,Huyện Cần Giờ,Thị Trấn Cần Thạnh,24,10.4147541,106.9714754,
TP. Hồ Chí Minh,Huyện Cần Giờ,Xã An Thới Đông,25,10.5888605,106.7902851,
TP. Hồ Chí Minh,Huyện Cần Giờ,Xã Bình Khánh,23,10.6635602,106.7755651,
TP. Hồ Chí Minh,Huyện Cần Giờ,Xã Long Hòa,26,10.3795331,106.879828,
TP. Hồ Chí Minh,Huyện Cần Giờ,Xã Lý Nhơn,27,10.4714385,106.7688703,
TP. Hồ Chí Minh,Huyện Cần Giờ,Xã Tam Thôn Hiệp,28,10.5991293,106.8604273,
TP. Hồ Chí Minh,Huyện Cần Giờ,Xã Thạnh An,29,10.4697294,106.9749498,
TP. Hồ Chí Minh,Huyện Củ Chi,Thị Trấn Củ Chi,23,10.9744159,106.4948968,
TP. Hồ Chí Minh,Huyện Củ Chi,Xã An Nhơn Tây,29,11.0870701,106.5136957,
TP. Hồ Chí Minh,Huyện Củ Chi,Xã An Phú,36,11.1108006,106.5065074,
TP. Hồ Chí Minh,Huyện Củ Chi,Xã Bình Mỹ,20,10.9292146,106.6462612,
TP. Hồ Chí Minh,Huyện Củ Chi,Xã Hòa Phú,28,10.977447,106.6169715,
TP. Hồ Chí Minh,Huyện Củ Chi,Xã Nhuận Đức,32,11.0322743,106.4873671,
TP. Hồ Chí Minh,Huyện Củ Chi,Xã Phạm Văn Cội,38,11.034454,106.5230191,
TP. Hồ Chí Minh,Huyện Củ Chi,Xã Phú Hòa Đông,25,11.0240928,106.5648662,
TP. Hồ Chí Minh,Huyện Củ Chi,Xã Phú Mỹ Hưng,39,11.1310949,106.47889,
TP. Hồ Chí Minh,Huyện Củ Chi,Xã Phước Hiệp,33,10.9900647,106.4500522,
TP. Hồ Chí Minh,Huyện Củ Chi,Xã Phước Thạnh,30,11.0062416,106.4258479,
TP. Hồ Chí Minh,Huyện Củ Chi,Xã Phước Vĩnh An,26,10.9845103,106.5215662,
TP. Hồ Chí Minh,Huyện Củ Chi,Xã Tân An Hội,24,10.9579007,106.471631,
TP. Hồ Chí Minh,Huyện Củ Chi,Xã Tân Phú Trung,19,10.9422865,106.5385228,
TP. Hồ Chí Minh,Huyện Củ Chi,Xã Tân Thạnh Đông,22,10.9569755,106.6011791,
TP. Hồ Chí Minh,Huyện Củ Chi,Xã Tân Thạnh Tây,31,10.9848474,106.5692665,
TP. Hồ Chí Minh,Huyện Củ Chi,Xã Tân Thông Hội,21,10.9638801,106.506931,
TP. Hồ Chí Minh,Huyện Củ Chi,Xã Thái Mỹ,35,10.9912655,106.3989828,
TP. Hồ Chí Minh,Huyện Củ Chi,Xã Trung An,27,10.9955413,106.5919733,
TP. Hồ Chí Minh,Huyện Củ Chi,Xã Trung Lập Hạ,34,11.0086848,106.4716815,
TP. Hồ Chí Minh,Huyện Củ Chi,Xã Trung Lập Thượng,37,11.0524922,106.45164,
TP. Hồ Chí Minh,Huyện Hóc Môn,Thị Trấn Hóc Môn,23,10.8860463,106.5927134,
TP. Hồ Chí Minh,Huyện Hóc Môn,Xã Bà Điểm,13,10.8460353,106.6036891,
TP. Hồ Chí Minh,Huyện Hóc Môn,Xã Đông Thạnh,15,10.903352,106.6387939,
TP. Hồ Chí Minh,Huyện Hóc Môn,Xã Nhị Bình,24,10.9114429,106.6739844,
TP. Hồ Chí Minh,Huyện Hóc Môn,Xã Tân Hiệp,21,10.9035521,106.5919127,
TP. Hồ Chí Minh,Huyện Hóc Môn,Xã Tân Thới Nhì,22,10.8933224,106.578884,
TP. Hồ Chí Minh,Huyện Hóc Môn,Xã Tân Xuân,20,10.8747294,106.6013671,
TP. Hồ Chí Minh,Huyện Hóc Môn,Xã Thới Tam Thôn,14,10.8927081,106.61313,
TP. Hồ Chí Minh,Huyện Hóc Môn,Xã Trung Chánh,18,10.8659288,106.6093539,
TP. Hồ Chí Minh,Huyện Hóc Môn,Xã Xuân Thới Đông,17,10.8675303,106.5924453,
TP. Hồ Chí Minh,Huyện Hóc Môn,Xã Xuân Thới Sơn,19,10.8770551,106.5823173,
TP. Hồ Chí Minh,Huyện Hóc Môn,Xã Xuân Thới Thượng,16,10.8606184,106.5694427,
TP. Hồ Chí Minh,Huyện Nhà Bè,Thị Trấn Nhà Bè,22,10.6956953,106.7395591,
TP. Hồ Chí Minh,Huyện Nhà Bè,Xã Hiệp Phước,25,10.6019797,106.7418765,
TP. Hồ Chí Minh,Huyện Nhà Bè,Xã Long Thới,26,10.6505492,106.72971,
TP. Hồ Chí Minh,Huyện Nhà Bè,Xã Nhơn Đức,24,10.672965,106.6990041,
TP. Hồ Chí Minh,Huyện Nhà Bè,Xã Phú Xuân,23,10.6790702,106.7509673,
TP. Hồ Chí Minh,Huyện Nhà Bè,Xã Phước Kiển,21,10.6949363,106.7049693,
TP. Hồ Chí Minh,Huyện Nhà Bè,Xã Phước Lộc,27,10.6994906,106.6847133,
TP. Hồ Chí Minh,Quận 1,Phường Bến Nghé,12,10.7801495,106.7032527,
TP. Hồ Chí Minh,Quận 1,Phường Bến Thành,15,10.7737414,106.6941118,
TP. Hồ Chí Minh,Quận 1,Phường Cầu Kho,20,10.7581211,106.6890049,
TP. Hồ Chí Minh,Quận 1,Phường Cầu Ông Lãnh,21,10.7654571,106.6967082,
TP. Hồ Chí Minh,Quận 1,Phường Cô Giang,19,10.7622107,106.6934252,
TP. Hồ Chí Minh,Quận 1,Phường Đa Kao,13,10.7888339,106.6987037,
TP. Hồ Chí Minh,Quận 1,Phường Nguyễn Cư Trinh,16,10.7630751,106.6863012,
TP. Hồ Chí Minh,Quận 1,Phường Nguyễn Thái Bình,18,10.7686402,106.700592,
TP. Hồ Chí Minh,Quận 1,Phường Phạm Ngũ Lão,17,10.7673332,106.6905498,
TP. Hồ Chí Minh,Quận 1,Phường Tân Định,14,10.7925016,106.6907644,
TP. Hồ Chí Minh,Quận 10,Phường 1,23,10.7650966,106.6777316,
TP. Hồ Chí Minh,Quận 10,Phường 10,21,10.7691052,106.6728037,
TP. Hồ Chí Minh,Quận 10,Phường 11,19,10.7707586,106.6696626,
TP. Hồ Chí Minh,Quận 10,Phường 12,14,10.774563,106.6724584,
TP. Hồ Chí Minh,Quận 10,Phường 13,17,10.7793424,106.6706065,
TP. Hồ Chí Minh,Quận 10,Phường 14,15,10.7720346,106.661755,
TP. Hồ Chí Minh,Quận 10,Phường 15,16,10.7818399,106.6650821,
TP. Hồ Chí Minh,Quận 10,Phường 2,18,10.7630306,106.6736825,
TP. Hồ Chí Minh,Quận 10,Phường 4,22,10.7631539,106.6696648,
TP. Hồ Chí Minh,Quận 10,Phường 5,25,10.7600929,106.6680856,
TP. Hồ Chí Minh,Quận 10,Phường 6,26,10.7618896,106.6636383,
TP. Hồ Chí Minh,Quận 10,Phường 7,27,10.774563,106.6724584,
TP. Hồ Chí Minh,Quận 10,Phường 8,24,10.7650966,106.666118,
TP. Hồ Chí Minh,Quận 10,Phường 9,20,10.7665459,106.6707006,
TP. Hồ Chí Minh,Quận 11,Phường 1,26,10.7566804,106.6391461,
TP. Hồ Chí Minh,Quận 11,Phường 10,25,10.7621734,106.6434051,
TP. Hồ Chí Minh,Quận 11,Phường 11,23,10.7660142,106.6504162,
TP. Hồ Chí Minh,Quận 11,Phường 12,32,10.7557812,106.6371699,
TP. Hồ Chí Minh,Quận 11,Phường 13,28,10.7639622,106.6555042,
TP. Hồ Chí Minh,Quận 11,Phường 14,21,10.7691254,106.6487344,
TP. Hồ Chí Minh,Quận 11,Phường 15,19,10.7739564,106.6552538,
TP. Hồ Chí Minh,Quận 11,Phường 16,24,10.7555216,106.648647,
TP. Hồ Chí Minh,Quận 11,Phường 2,29,10.7573902,106.6436127,
TP. Hồ Chí Minh,Quận 11,Phường 3,20,10.7607987,106.6389418,
TP. Hồ Chí Minh,Quận 11,Phường 4,30,10.759412,106.6586519,
TP. Hồ Chí Minh,Quận 11,Phường 5,18,10.7705416,106.643973,
TP. Hồ Chí Minh,Quận 11,Phường 6,31,10.7599723,106.6581164,
TP. Hồ Chí Minh,Quận 11,Phường 7,27,10.760607,106.6597533,
TP. Hồ Chí Minh,Quận 11,Phường 8,22,10.7611006,106.6487344,
TP. Hồ Chí Minh,Quận 11,Phường 9,33,10.773806,106.6471276,
TP. Hồ Chí Minh,Quận 12,Phường An Phú Đông,12,10.8588271,106.6966734,
TP. Hồ Chí Minh,Quận 12,Phường Đông Hưng Thuận,15,10.8428486,106.6309776,
TP. Hồ Chí Minh,Quận 12,Phường Hiệp Thành,7,10.881053,106.6388025,
TP. Hồ Chí Minh,Quận 12,Phường Tân Chánh Hiệp,10,10.8678527,106.6231544,
TP. Hồ Chí Minh,Quận 12,Phường Tân Hưng Thuận,17,10.8380911,106.6235253,
TP. Hồ Chí Minh,Quận 12,Phường Tân Thới Hiệp,13,10.8616587,106.64156,
TP. Hồ Chí Minh,Quận 12,Phường Tân Thới Nhất,9,10.8306721,106.6151355,
TP. Hồ Chí Minh,Quận 12,Phường Thạnh Lộc,11,10.8731713,106.6860324,
TP. Hồ Chí Minh,Quận 12,Phường Thạnh Xuân,8,10.8719549,106.6726095,
TP. Hồ Chí Minh,Quận 12,Phường Thới An,14,10.8786809,106.6521484,
TP. Hồ Chí Minh,Quận 12,Phường Trung Mỹ Tây,16,10.8549056,106.6146723,
TP. Hồ Chí Minh,Quận 3,Phường 1,25,10.7682818,106.677289,
TP. Hồ Chí Minh,Quận 3,Phường 10,26,10.7765833,106.6913559,
TP. Hồ Chí Minh,Quận 3,Phường 11,17,10.7862202,106.6698217,
TP. Hồ Chí Minh,Quận 3,Phường 12,22,10.7883702,106.6738557,
TP. Hồ Chí Minh,Quận 3,Phường 13,27,10.7869808,106.676186,
TP. Hồ Chí Minh,Quận 3,Phường 14,21,10.7890447,106.6793918,
TP. Hồ Chí Minh,Quận 3,Phường 2,23,10.7676494,106.6818595,
TP. Hồ Chí Minh,Quận 3,Phường 3,24,10.7704108,106.6793704,
TP. Hồ Chí Minh,Quận 3,Phường 4,18,10.7736993,106.6828465,
TP. Hồ Chí Minh,Quận 3,Phường 5,19,10.7718864,106.6857862,
TP. Hồ Chí Minh,Quận 3,Phường 9,20,10.7826368,106.6796064,
TP. Hồ Chí Minh,Quận 3,Phường Võ Thị Sáu,16,10.782932,106.6893481,
TP. Hồ Chí Minh,Quận 4,Phường 1,21,10.7543899,106.6910863,
TP. Hồ Chí Minh,Quận 4,Phường 10,32,10.7592004,106.7067483,
TP. Hồ Chí Minh,Quận 4,Phường 13,20,10.7642977,106.7078018,
TP. Hồ Chí Minh,Quận 4,Phường 14,27,10.7668095,106.7055475,
TP. Hồ Chí Minh,Quận 4,Phường 15,30,10.7543055,106.7077911,
TP. Hồ Chí Minh,Quận 4,Phường 16,23,10.7553174,106.7124795,
TP. Hồ Chí Minh,Quận 4,Phường 18,29,10.7571936,106.7168784,
TP. Hồ Chí Minh,Quận 4,Phường 2,25,10.7578893,106.6962575,
TP. Hồ Chí Minh,Quận 4,Phường 3,28,10.7537785,106.6992402,
TP. Hồ Chí Minh,Quận 4,Phường 4,24,10.7556547,106.7036819,
TP. Hồ Chí Minh,Quận 4,Phường 6,22,10.7671406,106.7058638,
TP. Hồ Chí Minh,Quận 4,Phường 8,26,10.7588906,106.703757,
TP. Hồ Chí Minh,Quận 4,Phường 9,31,10.7636653,106.702373,
TP. Hồ Chí Minh,Quận 5,Phường 1,24,10.7535467,106.6816663,
TP. Hồ Chí Minh,Quận 5,Phường 10,32,10.7513543,106.6695873,
TP. Hồ Chí Minh,Quận 5,Phường 11,26,10.753631,106.6626977,
TP. Hồ Chí Minh,Quận 5,Phường 12,22,10.7561185,106.6581916,
TP. Hồ Chí Minh,Quận 5,Phường 13,33,10.7491196,106.6566038,
TP. Hồ Chí Minh,Quận 5,Phường 14,30,10.752324,106.6550588,
TP. Hồ Chí Minh,Quận 5,Phường 2,25,10.7566666,106.6804647,
TP. Hồ Chí Minh,Quận 5,Phường 3,34,10.7535467,106.6816663,
TP. Hồ Chí Minh,Quận 5,Phường 4,27,10.7616838,106.6792631,
TP. Hồ Chí Minh,Quận 5,Phường 5,29,10.7514807,106.6749715,
TP. Hồ Chí Minh,Quận 5,Phường 6,35,10.7535467,106.6816663,
TP. Hồ Chí Minh,Quận 5,Phường 7,28,10.7539261,106.6717529,
TP. Hồ Chí Minh,Quận 5,Phường 8,31,10.7535467,106.6816663,
TP. Hồ Chí Minh,Quận 5,Phường 9,23,10.7586482,106.6709375,
TP. Hồ Chí Minh,Quận 6,Phường 1,28,10.7463369,106.6514969,
TP. Hồ Chí Minh,Quận 6,Phường 10,18,10.7368923,106.6281938,
TP. Hồ Chí Minh,Quận 6,Phường 11,17,10.7443553,106.6317558,
TP. Hồ Chí Minh,Quận 6,Phường 12,19,10.7503002,106.6336441,
TP. Hồ Chí Minh,Quận 6,Phường 13,20,10.7527456,106.6278076,
TP. Hồ Chí Minh,Quận 6,Phường 14,21,10.7579736,106.6307258,
TP. Hồ Chí Minh,Quận 6,Phường 2,27,10.7500051,106.6507244,
TP. Hồ Chí Minh,Quận 6,Phường 3,25,10.7408788,106.644449,
TP. Hồ Chí Minh,Quận 6,Phường 4,29,10.7550146,106.6349096,
TP. Hồ Chí Minh,Quận 6,Phường 5,26,10.7463369,106.6514969,
TP. Hồ Chí Minh,Quận 6,Phường 6,23,10.7551473,106.6342982,
TP. Hồ Chí Minh,Quận 6,Phường 7,30,10.7385367,106.6390943,
TP. Hồ Chí Minh,Quận 6,Phường 8,22,10.7434277,106.6404247,
TP. Hồ Chí Minh,Quận 6,Phường 9,24,10.7522736,106.6406229,
TP. Hồ Chí Minh,Quận 7,Phường Bình Thuận,14,10.7428374,106.7230796,
TP. Hồ Chí Minh,Quận 7,Phường Phú Mỹ,13,10.7061532,106.7378425,
TP. Hồ Chí Minh,Quận 7,Phường Phú Thuận,10,10.7294201,106.7348597,
TP. Hồ Chí Minh,Quận 7,Phường Tân Hưng,9,10.7449034,106.6981887,
TP. Hồ Chí Minh,Quận 7,Phường Tân Kiểng,17,10.7491196,106.7104625,
TP. Hồ Chí Minh,Quận 7,Phường Tân Phong,11,10.7303569,106.7055701,
TP. Hồ Chí Minh,Quận 7,Phường Tân Phú,8,10.727068,106.7261695,
TP. Hồ Chí Minh,Quận 7,Phường Tân Quy,15,10.7422471,106.7099475,
TP. Hồ Chí Minh,Quận 7,Phường Tân Thuận Đông,12,10.745084,106.7316294,
TP. Hồ Chí Minh,Quận 7,Phường Tân Thuận Tây,16,10.7508483,106.7217063,
TP. Hồ Chí Minh,Quận 8,Phường 1,19,10.7182284,106.6298664,
TP. Hồ Chí Minh,Quận 8,Phường 10,22,10.7191906,106.6236163,
TP. Hồ Chí Minh,Quận 8,Phường 11,26,10.7470518,106.6612893,
TP. Hồ Chí Minh,Quận 8,Phường 12,24,10.7417608,106.6545273,
TP. Hồ Chí Minh,Quận 8,Phường 13,25,10.7191906,106.6236163,
TP. Hồ Chí Minh,Quận 8,Phường 14,21,10.7390958,106.6472826,
TP. Hồ Chí Minh,Quận 8,Phường 15,16,10.7256211,106.6333834,
TP. Hồ Chí Minh,Quận 8,Phường 16,12,10.7191906,106.6236163,
TP. Hồ Chí Minh,Quận 8,Phường 2,17,10.7486993,106.6836874,
TP. Hồ Chí Minh,Quận 8,Phường 3,18,10.7191906,106.6236163,
TP. Hồ Chí Minh,Quận 8,Phường 4,11,10.7404855,106.6761879,
TP. Hồ Chí Minh,Quận 8,Phường 5,13,10.7379478,106.6629653,
TP. Hồ Chí Minh,Quận 8,Phường 6,14,10.7331377,106.6485241,
TP. Hồ Chí Minh,Quận 8,Phường 7,15,10.7056884,106.624332,
TP. Hồ Chí Minh,Quận 8,Phường 8,23,10.738472,106.6661507,
TP. Hồ Chí Minh,Quận 8,Phường 9,20,10.7419664,106.651399,
TP. Hồ Chí Minh,Quận Bình Tân,Phường An Lạc,4,10.7249151,106.6129429,
TP. Hồ Chí Minh,Quận Bình Tân,Phường An Lạc A,12,10.7487261,106.6224286,
TP. Hồ Chí Minh,Quận Bình Tân,Phường Bình Hưng Hòa,7,10.8077196,106.6034316,
TP. Hồ Chí Minh,Quận Bình Tân,Phường Bình Hưng Hòa A,3,10.784004,106.6078353,
TP. Hồ Chí Minh,Quận Bình Tân,Phường Bình Hưng Hòa B,5,10.801923,106.5913656,
TP. Hồ Chí Minh,Quận Bình Tân,Phường Bình Trị Đông,6,10.7663912,106.6167997,
TP. Hồ Chí Minh,Quận Bình Tân,Phường Bình Trị Đông A,8,10.7693609,106.5956394,
TP. Hồ Chí Minh,Quận Bình Tân,Phường Bình Trị Đông B,9,10.7504813,106.6128383,
TP. Hồ Chí Minh,Quận Bình Tân,Phường Tân Tạo,10,10.7610471,106.58872,
TP. Hồ Chí Minh,Quận Bình Tân,Phường Tân Tạo A,11,10.7547879,106.584389,
TP. Hồ Chí Minh,Quận Bình Thạnh,Phường 1,23,10.798024,106.6977167,
TP. Hồ Chí Minh,Quận Bình Thạnh,Phường 11,9,10.8161503,106.6939401,
TP. Hồ Chí Minh,Quận Bình Thạnh,Phường 12,8,10.8124408,106.7002487,
TP. Hồ Chí Minh,Quận Bình Thạnh,Phường 13,6,10.8266462,106.7047977,
TP. Hồ Chí Minh,Quận Bình Thạnh,Phường 14,20,10.8051903,106.6973305,
TP. Hồ Chí Minh,Quận Bình Thạnh,Phường 15,12,10.8167836,106.719424,
TP. Hồ Chí Minh,Quận Bình Thạnh,Phường 17,11,10.7961691,106.7069435,
TP. Hồ Chí Minh,Quận Bình Thạnh,Phường 19,15,10.790731,106.7100119,
TP. Hồ Chí Minh,Quận Bình Thạnh,Phường 2,19,10.8005111,106.7017078,
TP. Hồ Chí Minh,Quận Bình Thạnh,Phường 21,14,10.7905222,106.707997,
TP. Hồ Chí Minh,Quận Bình Thạnh,Phường 22,4,10.7927545,106.7191314,
TP. Hồ Chí Minh,Quận Bình Thạnh,Phường 24,10,10.7957801,106.6953508,
TP. Hồ Chí Minh,Quận Bình Thạnh,Phường 25,5,10.8050639,106.7173289,
TP. Hồ Chí Minh,Quận Bình Thạnh,Phường 26,7,10.8125673,106.7107414,
TP. Hồ Chí Minh,Quận Bình Thạnh,Phường 27,16,10.8164453,106.7204618,
TP. Hồ Chí Minh,Quận Bình Thạnh,Phường 28,22,10.8217566,106.7302465,
TP. Hồ Chí Minh,Quận Bình Thạnh,Phường 3,13,10.8003808,106.6959459,
TP. Hồ Chí Minh,Quận Bình Thạnh,Phường 5,17,10.811682,106.6876316,
TP. Hồ Chí Minh,Quận Bình Thạnh,Phường 6,21,10.8050639,106.7173289,
TP. Hồ Chí Minh,Quận Bình Thạnh,Phường 7,18,10.8068765,106.6925668,
TP. Hồ Chí Minh,Quận Gò Vấp,Phường 1,18,10.8176678,106.6886186,
TP. Hồ Chí Minh,Quận Gò Vấp,Phường 10,7,10.8329132,106.6709112,
TP. Hồ Chí Minh,Quận Gò Vấp,Phường 11,10,10.8391193,106.6614456,
TP. Hồ Chí Minh,Quận Gò Vấp,Phường 12,9,10.8359424,106.6406902,
TP. Hồ Chí Minh,Quận Gò Vấp,Phường 13,19,10.8187905,106.6791511,
TP. Hồ Chí Minh,Quận Gò Vấp,Phường 14,5,10.8476354,106.6417776,
TP. Hồ Chí Minh,Quận Gò Vấp,Phường 15,17,10.8525115,106.6709227,
TP. Hồ Chí Minh,Quận Gò Vấp,Phường 16,11,10.8464989,106.666088,
TP. Hồ Chí Minh,Quận Gò Vấp,Phường 17,12,10.8408087,106.6751861,
TP. Hồ Chí Minh,Quận Gò Vấp,Phường 3,8,10.8187905,106.6791511,
TP. Hồ Chí Minh,Quận Gò Vấp,Phường 4,20,10.8187905,106.6791511,
TP. Hồ Chí Minh,Quận Gò Vấp,Phường 5,6,10.8275313,106.693511,
TP. Hồ Chí Minh,Quận Gò Vấp,Phường 6,13,10.8426122,106.6834563,
TP. Hồ Chí Minh,Quận Gò Vấp,Phường 7,14,10.8408087,106.6751861,
TP. Hồ Chí Minh,Quận Gò Vấp,Phường 8,15,10.840303,106.6504668,
TP. Hồ Chí Minh,Quận Gò Vấp,Phường 9,16,10.8085766,106.674305,
TP. Hồ Chí Minh,Quận Phú Nhuận,Phường 1,25,10.7986961,106.6826391,
TP. Hồ Chí Minh,Quận Phú Nhuận,Phường 10,22,10.7953652,106.6711121,
TP. Hồ Chí Minh,Quận Phú Nhuận,Phường 11,17,10.7925588,106.6761809,
TP. Hồ Chí Minh,Quận Phú Nhuận,Phường 13,21,10.7909778,106.6693146,
TP. Hồ Chí Minh,Quận Phú Nhuận,Phường 15,24,10.7962988,106.6796145,
TP. Hồ Chí Minh,Quận Phú Nhuận,Phường 17,27,10.7922773,106.6820861,
TP. Hồ Chí Minh,Quận Phú Nhuận,Phường 2,18,10.7982822,106.6859046,
TP. Hồ Chí Minh,Quận Phú Nhuận,Phường 3,26,10.7987922,106.6801889,
TP. Hồ Chí Minh,Quận Phú Nhuận,Phường 4,23,10.8073372,106.6793266,
TP. Hồ Chí Minh,Quận Phú Nhuận,Phường 5,19,10.8058195,106.683768,
TP. Hồ Chí Minh,Quận Phú Nhuận,Phường 7,16,10.8008414,106.6885708,
TP. Hồ Chí Minh,Quận Phú Nhuận,Phường 8,20,10.7980573,106.6746959,
TP. Hồ Chí Minh,Quận Phú Nhuận,Phường 9,15,10.8030061,106.6778362,
TP. Hồ Chí Minh,Quận Tân Bình,Phường 1,17,10.7957897,106.666603,
TP. Hồ Chí Minh,Quận Tân Bình,Phường 10,11,10.7821309,106.6466903,
TP. Hồ Chí Minh,Quận Tân Bình,Phường 11,14,10.7890447,106.6480636,
TP. Hồ Chí Minh,Quận Tân Bình,Phường 12,9,10.7999631,106.6504669,
TP. Hồ Chí Minh,Quận Tân Bình,Phường 13,7,10.8036306,106.6428279,
TP. Hồ Chí Minh,Quận Tân Bình,Phường 14,12,10.7937663,106.6419696,
TP. Hồ Chí Minh,Quận Tân Bình,Phường 15,8,10.823527,106.6355752,
TP. Hồ Chí Minh,Quận Tân Bình,Phường 2,6,10.8064128,106.667118,
TP. Hồ Chí Minh,Quận Tân Bình,Phường 3,20,10.7933868,106.6628265,
TP. Hồ Chí Minh,Quận Tân Bình,Phường 4,10,10.8006376,106.6586207,
TP. Hồ Chí Minh,Quận Tân Bình,Phường 5,19,10.7902251,106.6619253,
TP. Hồ Chí Minh,Quận Tân Bình,Phường 6,15,10.7841123,106.6589641,
TP. Hồ Chí Minh,Quận Tân Bình,Phường 7,18,10.7883702,106.6560888,
TP. Hồ Chí Minh,Quận Tân Bình,Phường 8,16,10.7834378,106.6526985,
TP. Hồ Chí Minh,Quận Tân Bình,Phường 9,13,10.7747532,106.6511964,
TP. Hồ Chí Minh,Quận Tân Phú,Phường Hiệp Tân,18,10.7716335,106.6272497,
TP. Hồ Chí Minh,Quận Tân Phú,Phường Hòa Thạnh,15,10.7786319,106.6376351,
TP. Hồ Chí Minh,Quận Tân Phú,Phường Phú Thạnh,16,10.7799387,106.6271638,
TP. Hồ Chí Minh,Quận Tân Phú,Phường Phú Thọ Hòa,13,10.78563,106.6275072,
TP. Hồ Chí Minh,Quận Tân Phú,Phường Phú Trung,17,10.7765239,106.6420126,
TP. Hồ Chí Minh,Quận Tân Phú,Phường Sơn Kỳ,11,10.8040522,106.6206836,
TP. Hồ Chí Minh,Quận Tân Phú,Phường Tân Quý,10,10.7941456,106.6222286,
TP. Hồ Chí Minh,Quận Tân Phú,Phường Tân Sơn Nhì,12,10.7992044,106.6320132,
TP. Hồ Chí Minh,Quận Tân Phú,Phường Tân Thành,14,10.790984,106.6344165,
TP. Hồ Chí Minh,Quận Tân Phú,Phường Tân Thới Hòa,19,10.7635568,106.6308483,
TP. Hồ Chí Minh,Quận Tân Phú,Phường Tây Thạnh,9,10.812483,106.6237735,
TP. Hồ Chí Minh,Thành Phố Thủ Đức,Phường An Khánh,14,10.7916585,106.7318343,
TP. Hồ Chí Minh,Thành Phố Thủ Đức,Phường An Lợi Đông,34,10.7703265,106.7252683,
TP. Hồ Chí Minh,Thành Phố Thủ Đức,Phường An Phú,3,10.795031,106.7443656,
TP. Hồ Chí Minh,Thành Phố Thủ Đức,Phường Bình Chiểu,13,10.8778137,106.7323493,
TP. Hồ Chí Minh,Thành Phố Thủ Đức,Phường Bình Thọ,31,10.8456138,106.7663383,
TP. Hồ Chí Minh,Thành Phố Thủ Đức,Phường Bình Trưng Đông,19,10.7862624,106.7747497,
TP. Hồ Chí Minh,Thành Phố Thủ Đức,Phường Bình Trưng Tây,16,10.7858408,106.7617892,
TP. Hồ Chí Minh,Thành Phố Thủ Đức,Phường Cát Lái,25,10.7779152,106.7688274,
TP. Hồ Chí Minh,Thành Phố Thủ Đức,Phường Hiệp Bình Chánh,2,10.8322102,106.7247962,
TP. Hồ Chí Minh,Thành Phố Thủ Đức,Phường Hiệp Bình Phước,4,10.8521046,106.7215346,
TP. Hồ Chí Minh,Thành Phố Thủ Đức,Phường Hiệp Phú,20,10.847658,106.7797654,
TP. Hồ Chí Minh,Thành Phố Thủ Đức,Phường Linh Chiểu,27,10.8537062,106.7638492,
TP. Hồ Chí Minh,Thành Phố Thủ Đức,Phường Linh Đông,15,10.8483113,106.7471122,
TP. Hồ Chí Minh,Thành Phố Thủ Đức,Phường Linh Tây,26,10.857921,106.754837,
TP. Hồ Chí Minh,Thành Phố Thủ Đức,Phường Linh Trung,6,10.8596068,106.7805003,
TP. Hồ Chí Minh,Thành Phố Thủ Đức,Phường Linh Xuân,18,10.879668,106.7712306,
TP. Hồ Chí Minh,Thành Phố Thủ Đức,Phường Long Bình,9,10.867446,106.8392943,
TP. Hồ Chí Minh,Thành Phố Thủ Đức,Phường Long Phước,35,10.8097011,106.8611809,
TP. Hồ Chí Minh,Thành Phố Thủ Đức,Phường Long Thạnh Mỹ,10,10.8424104,106.8256473,
TP. Hồ Chí Minh,Thành Phố Thủ Đức,Phường Long Trường,29,10.8020288,106.8134593,
TP. Hồ Chí Minh,Thành Phố Thủ Đức,Phường Phú Hữu,7,10.7909556,106.7993184,
TP. Hồ Chí Minh,Thành Phố Thủ Đức,Phường Phước Bình,33,10.8148436,106.7719173,
TP. Hồ Chí Minh,Thành Phố Thủ Đức,Phường Phước Long A,24,10.8255924,106.7651796,
TP. Hồ Chí Minh,Thành Phố Thủ Đức,Phường Phước Long B,5,10.8266462,106.7748355,
TP. Hồ Chí Minh,Thành Phố Thủ Đức,Phường Tam Bình,28,10.8675336,106.7358533,
TP. Hồ Chí Minh,Thành Phố Thủ Đức,Phường Tam Phú,23,10.862434,106.7441358,
TP. Hồ Chí Minh,Thành Phố Thủ Đức,Phường Tân Phú,22,10.8611937,106.8071466,
TP. Hồ Chí Minh,Thành Phố Thủ Đức,Phường Tăng Nhơn Phú A,17,10.8435063,106.7941474,
TP. Hồ Chí Minh,Thành Phố Thủ Đức,Phường Tăng Nhơn Phú B,21,10.8356665,106.780672,
TP. Hồ Chí Minh,Thành Phố Thủ Đức,Phường Thạnh Mỹ Lợi,12,10.7733621,106.7597722,
TP. Hồ Chí Minh,Thành Phố Thủ Đức,Phường Thảo Điền,8,10.8074245,106.7329501,
TP. Hồ Chí Minh,Thành Phố Thủ Đức,Phường Thủ Thiêm,32,10.7762685,106.7144193,
TP. Hồ Chí Minh,Thành Phố Thủ Đức,Phường Trường Thạnh,30,10.8261404,106.8158626,
TP. Hồ Chí Minh,Thành Phố Thủ Đức,Phường Trường Thọ,11,10.836088,106.7567252,
